{
	"credit": "Made with Blockbench",
	"texture_size": [64, 128],
	
	"textures": {
		"haiyi": "items/haiyi"
	},
	"elements": [
		{
			"name": "shuimu",
			"from": [4.75, 6, 0],
			"to": [9.75, 9, 3],
			"faces": {
				"north": {"uv": [0.75, 9, 2, 9.375], "texture": "#haiyi"},
				"east": {"uv": [0, 9, 0.75, 9.375], "texture": "#haiyi"},
				"south": {"uv": [2.75, 9, 4, 9.375], "texture": "#haiyi"},
				"west": {"uv": [2, 9, 2.75, 9.375], "texture": "#haiyi"},
				"up": {"uv": [2, 9, 0.75, 8.625], "texture": "#haiyi"},
				"down": {"uv": [3.25, 8.625, 2, 9], "texture": "#haiyi"}
			}
		},
		{
			"name": "shuimu",
			"from": [11.75, 3, 0],
			"to": [13.75, 3.5, 1],
			"rotation": {"angle": 22.5, "axis": "z", "origin": [0, 0, 0]},
			"faces": {
				"north": {"uv": [0.25, 8.75, 0.75, 8.75], "texture": "#haiyi"},
				"east": {"uv": [0, 8.75, 0.25, 8.75], "texture": "#haiyi"},
				"south": {"uv": [1, 8.75, 1.5, 8.75], "texture": "#haiyi"},
				"west": {"uv": [0.75, 8.75, 1, 8.75], "texture": "#haiyi"},
				"up": {"uv": [0.75, 8.75, 0.25, 8.625], "texture": "#haiyi"},
				"down": {"uv": [1.25, 8.625, 0.75, 8.75], "texture": "#haiyi"}
			}
		},
		{
			"name": "shuimu",
			"from": [9.75, 7, 0],
			"to": [11.25, 7.5, 1],
			"rotation": {"angle": 0, "axis": "y", "origin": [9, 35, 4]},
			"faces": {
				"north": {"uv": [0.25, 8.75, 0.5, 8.75], "texture": "#haiyi"},
				"east": {"uv": [0, 8.75, 0.25, 8.75], "texture": "#haiyi"},
				"south": {"uv": [0.75, 8.75, 1, 8.75], "texture": "#haiyi"},
				"west": {"uv": [0.5, 8.75, 0.75, 8.75], "texture": "#haiyi"},
				"up": {"uv": [0.5, 8.75, 0.25, 8.625], "texture": "#haiyi"},
				"down": {"uv": [0.75, 8.625, 0.5, 8.75], "texture": "#haiyi"}
			}
		}
	],
	"display": {
		"thirdperson_righthand": {
			"translation": [4.75, 6, 0]
		}
	},
	"groups": [
		{
			"name": "shuimu",
			"origin": [1.25, 1.5, 0.75],
			"color": 0,
			"children": [0, 1, 2]
		}
	]
}